id,source_id,source_level,level,mesh_size,elements,field_relative_l2,flux_relative_error,operator_seconds,assembly_seconds,linear_solve_seconds,normalized_elements
H01,BH01,h0.080,L1,0.08,591,0.0003965497441766693,0.0002976338779908492,0.13472909999836702,0.009493199999269564,0.0060061999975005165,0.13075221238938053
H01,BH01,h0.056,L2,0.056,1179,0.0002454920867370818,0.00016599796716081362,0.020886000002064975,0.018493799998395843,0.012552000000141561,0.2608407079646018
H01,BH01,h0.040,L3,0.04,2157,0.0001525821558966437,9.414181749465505e-05,0.043287700002110796,0.03414369999882183,0.02599970000301255,0.47721238938053095
H01,BH01,h0.028,L4,0.028,4520,9.22785741693782e-05,4.459143336444786e-05,0.08941129999948316,0.07357360000241897,0.0688363000008394,1.0
H02,BH02,h0.080,L1,0.08,647,0.0009041430677687326,0.0005789594113015693,0.010173399998166133,0.009924499998305691,0.006396100001438754,0.13524247491638797
H02,BH02,h0.056,L2,0.056,1185,0.0004789618398217812,0.00026112155443166465,0.027851099999679718,0.019171200001437683,0.012953099998412654,0.24770066889632106
H02,BH02,h0.040,L3,0.04,2378,0.00020628762425619428,0.00011970597976622519,0.047844000000623055,0.03852010000264272,0.033879299997352064,0.4970735785953177
H02,BH02,h0.028,L4,0.028,4784,0.00010185941666388531,4.535187579846945e-05,0.09236230000169598,0.07595620000211056,0.08395889999883366,1.0
H03,BH03,h0.080,L1,0.08,592,0.0003208368275176114,0.0003125322698153638,0.009524799999780953,0.00918180000007851,0.006274999999732245,0.12476290832455215
H03,BH03,h0.056,L2,0.056,1229,0.00013445740124034896,0.00016439446209206256,0.021926499997789506,0.01897639999879175,0.014267200000176672,0.2590094836670179
H03,BH03,h0.040,L3,0.04,2253,6.705998368468229e-05,7.319949822656462e-05,0.04632620000120369,0.036013199998706114,0.028144100000645267,0.47481559536354057
H03,BH03,h0.028,L4,0.028,4745,6.725781691274497e-05,3.781371228404082e-05,0.09311320000051637,0.07798319999710657,0.0945279000006849,1.0
H04,BH04,h0.080,L1,0.08,633,0.00025961193845567843,0.00031514214146890313,0.010445399999298388,0.009355500002129702,0.0061308000003919005,0.14642609299097847
H04,BH04,h0.056,L2,0.056,1266,0.00014125903319570503,0.00016665920121471288,0.022203000000445172,0.020019999999931315,0.01840710000033141,0.29285218598195695
H04,BH04,h0.040,L3,0.04,2278,7.081351020372627e-05,7.689476515980769e-05,0.04691370000000461,0.036066000000573695,0.0315069999996922,0.5269488780939162
H04,BH04,h0.028,L4,0.028,4323,2.4620912468866427e-05,4.3945484251287913e-05,0.08583379999981844,0.0705576000000292,0.07769270000062534,1.0
H05,BH05,h0.080,L1,0.08,555,0.0003056538981543815,0.0003213393450693384,0.008676500001456589,0.008866199998010416,0.005518000001757173,0.12319644839067703
H05,BH05,h0.056,L2,0.056,1131,0.0001925075733545306,0.00017874155694530002,0.022681999998894753,0.018159700000978773,0.012451899998268345,0.25105438401775804
H05,BH05,h0.040,L3,0.04,2258,0.00012173889696774241,8.966916114801442e-05,0.046571499999117805,0.03562919999967562,0.03133489999891026,0.5012208657047724
H05,BH05,h0.028,L4,0.028,4505,8.099467473179564e-05,4.235816706606737e-05,0.08891849999781698,0.0760800999996718,0.07806730000083917,1.0
H06,BH06,h0.080,L1,0.08,565,0.0004543744309442136,0.00041701101430015997,0.00920609999957378,0.008920200001739431,0.004868900003202725,0.12961688460656115
H06,BH06,h0.056,L2,0.056,1070,0.0003818073141277668,0.00029284333889377105,0.020167999999102904,0.017251400000532158,0.013096000002406072,0.24546914429915118
H06,BH06,h0.040,L3,0.04,2139,0.00010341733251223064,8.886916931202702e-05,0.04187889999957406,0.0334826999969664,0.03087289999893983,0.4907088781830695
H06,BH06,h0.028,L4,0.028,4359,0.00014569394094818869,8.01005910104035e-05,0.09931570000117063,0.06827100000009523,0.06627010000011069,1.0
H07,BH07,h0.080,L1,0.08,535,0.0002639506410089212,0.0002586372291493008,0.009487799998169066,0.008202200002415339,0.005318299998180009,0.11587611002815681
H07,BH07,h0.056,L2,0.056,1137,0.00015457181721618377,0.0001457419285625991,0.022002300000167452,0.01800569999977597,0.012256000001798384,0.24626380766731643
H07,BH07,h0.040,L3,0.04,2132,9.973164326813669e-05,7.479582115920014e-05,0.0434058000028017,0.03381910000098287,0.026020400000561494,0.46177171323370153
H07,BH07,h0.028,L4,0.028,4617,3.8972268887784196e-05,3.490734795397816e-05,0.09736699999848497,0.0727043999977468,0.07543319999967935,1.0
H08,BH08,h0.080,L1,0.08,569,0.0003914558985976151,0.00032776937443321533,0.008955099998274818,0.008627200000773882,0.0057018000006792136,0.12925942753293956
H08,BH08,h0.056,L2,0.056,1145,0.0002443520288103721,0.00018303885055229502,0.021077299999888055,0.018715999998676125,0.01332620000175666,0.26010904134484325
H08,BH08,h0.040,L3,0.04,2191,0.00014688821854668058,9.616419466531669e-05,0.04474380000101519,0.034408499999699416,0.029928399999334943,0.49772830531576556
H08,BH08,h0.028,L4,0.028,4402,6.453491228002639e-05,4.1905666440296015e-05,0.08604290000221226,0.07190049999917392,0.0703538000016124,1.0
H09,BH09,h0.080,L1,0.08,565,0.000748159473411466,0.0004440284492733009,0.009725299998535775,0.008638899998913985,0.005409199999121483,0.12544404973357015
H09,BH09,h0.056,L2,0.056,1094,0.0003514885706036295,0.00017042177038733896,0.020774399999936577,0.017507900000055088,0.014478900000540307,0.24289520426287745
H09,BH09,h0.040,L3,0.04,2229,0.00017039962101728372,9.01051757752871e-05,0.044062199998734286,0.03578460000062478,0.026791899999807356,0.49489342806394315
H09,BH09,h0.028,L4,0.028,4504,0.00010729086609681784,3.272230570706339e-05,0.09045530000003055,0.0727891999995336,0.07091479999871808,1.0
H10,BH10,h0.080,L1,0.08,569,0.0003137240860095858,0.0002667980491713238,0.008888399999705143,0.008793200002401136,0.005505999997694744,0.12189374464438732
H10,BH10,h0.056,L2,0.056,1206,0.00017832411677441297,0.00015158433569842738,0.024193200002628146,0.019404199996643,0.01294659999985015,0.2583547557840617
H10,BH10,h0.040,L3,0.04,2200,0.0001262522095327566,7.94302868227575e-05,0.04634740000255988,0.03455309999844758,0.028367700000671903,0.4712939160239931
H10,BH10,h0.028,L4,0.028,4668,6.626973319356532e-05,3.75950107981023e-05,0.08978379999825847,0.07403549999798997,0.07271830000172486,1.0
H11,BH11,h0.080,L1,0.08,371,0.00037309005173410357,0.001858400942241546,0.006435600000259001,0.006059399998775916,0.0033604000018385705,0.13077194219245683
H11,BH11,h0.056,L2,0.056,802,0.00020215154794412643,0.0008679738630210005,0.07786440000199946,0.013031900001806207,0.008621900000434835,0.28269298554811423
H11,BH11,h0.040,L3,0.04,1444,9.610732518048147e-05,0.00042749179022749835,0.030739099998754682,0.023010800003248733,0.01754129999972065,0.5089883679943602
H11,BH11,h0.028,L4,0.028,2837,4.768986504680459e-05,0.00018882085371294444,0.057473799999570474,0.04647509999995236,0.03652220000003581,1.0
H12,BH12,h0.080,L1,0.08,534,0.00027928938711068666,0.0006925075041299939,0.007767999999487074,0.008336800001416123,0.0059481999996933155,0.13276976628543014
H12,BH12,h0.056,L2,0.056,976,0.00016137125905416047,0.00034482751044072313,0.019296300000860356,0.015394199999718694,0.01249929999903543,0.24266534062655395
H12,BH12,h0.040,L3,0.04,2112,6.108066226361734e-05,0.00016459867462500873,0.044984299998759525,0.03286600000137696,0.034299300001293886,0.5251118846345102
H12,BH12,h0.028,L4,0.028,4022,2.746491956232498e-05,6.973150863365958e-05,0.08911850000004051,0.07392479999907664,0.06157100000200444,1.0
H13,BH13,h0.080,L1,0.08,467,0.0007819890643644882,0.0035006092054447246,0.006898899999214336,0.007446499999787193,0.004935199998726603,0.12186847599164927
H13,BH13,h0.056,L2,0.056,1006,0.0004250528581047055,0.0017659993450433234,0.022552599999471568,0.016170799997780705,0.010405799999716692,0.26252609603340293
H13,BH13,h0.040,L3,0.04,1812,0.000197602563930363,0.0009062969986065791,0.03637180000077933,0.027767899999162182,0.024878799998987233,0.47286012526096033
H13,BH13,h0.028,L4,0.028,3832,8.4254816756903e-05,0.0003809329407099532,0.07698520000121789,0.06084229999760282,0.061521299998275936,1.0
H14,BH14,h0.080,L1,0.08,502,0.0005823153174554661,0.001416109597686631,0.007568400000309339,0.008008600001630839,0.00505689999772585,0.12613065326633166
H14,BH14,h0.056,L2,0.056,1046,0.00030005962520448143,0.0006958581368078086,0.018815599996742094,0.016939500001171837,0.013320099998963997,0.2628140703517588
H14,BH14,h0.040,L3,0.04,2074,0.00016746763305917287,0.00036895352941239244,0.041812400002527284,0.03315110000039567,0.02631639999890467,0.521105527638191
H14,BH14,h0.028,L4,0.028,3980,5.8555235474825556e-05,0.0001482816671395688,0.07902580000154558,0.07058790000155568,0.06323279999924125,1.0
H15,BH15,h0.080,L1,0.08,400,0.000695953286325629,0.002357485773344947,0.00644540000212146,0.006311799999821233,0.004050499999721069,0.1303780964797914
H15,BH15,h0.056,L2,0.056,804,0.00027534371924724173,0.0011107616510080977,0.10212619999947492,0.01182649999827845,0.00815830000283313,0.2620599739243807
H15,BH15,h0.040,L3,0.04,1537,0.00016071943987573022,0.0005568643002769576,0.03211530000044149,0.02439289999892935,0.01763310000023921,0.5009778357235984
H15,BH15,h0.028,L4,0.028,3068,6.972752628263658e-05,0.0002480165151783221,0.05917080000290298,0.04922670000087237,0.04524590000073658,1.0
H16,BH16,h0.080,L1,0.08,356,0.000704263132156593,0.003054017570646858,0.005913799999689218,0.005654900000081398,0.003417300002183765,0.11633986928104575
H16,BH16,h0.056,L2,0.056,788,0.00047648320710082286,0.001530527466402971,0.08292739999887999,0.01310379999995348,0.00802560000010999,0.257516339869281
H16,BH16,h0.040,L3,0.04,1557,0.0002908729607338337,0.0007513491525112817,0.031837099999393104,0.02414850000059232,0.01809569999750238,0.5088235294117647
H16,BH16,h0.028,L4,0.028,3060,7.986178557226254e-05,0.00032854374123502495,0.06022250000023632,0.04921990000002552,0.03985890000330983,1.0
H17,BH17,h0.080,L1,0.08,395,0.0005942722263778611,0.0026029085649245773,0.005883999998332001,0.006147500000224682,0.003660499998659361,0.13376227565187945
H17,BH17,h0.056,L2,0.056,757,0.0002878072572804219,0.0012973986133412829,0.010456599997269223,0.011581599999772152,0.007353100001637358,0.25634947511005757
H17,BH17,h0.040,L3,0.04,1446,0.00013953853591012658,0.0006263022829035015,0.030344300001161173,0.022986800002399832,0.01694610000049579,0.4896715204876397
H17,BH17,h0.028,L4,0.028,2953,6.833820059758704e-05,0.0002761995109651551,0.05979410000145435,0.04785210000045481,0.04878800000005867,1.0
H18,BH18,h0.080,L1,0.08,420,0.0004894273103310072,0.0024490071509114916,0.006510399998660432,0.0066336999989289325,0.0036399000018718652,0.1477832512315271
H18,BH18,h0.056,L2,0.056,772,0.00025352574864700246,0.0012361637361505105,0.11137450000023819,0.012575900000229012,0.00958840000021155,0.2716396903589022
H18,BH18,h0.040,L3,0.04,1502,0.00013090176668410227,0.000617683744495099,0.03143219999765279,0.023232399998960318,0.019204500000341795,0.5285010555946517
H18,BH18,h0.028,L4,0.028,2842,5.906502897706411e-05,0.0002591068980205753,0.05704150000019581,0.045463499998732004,0.04077580000011949,1.0
H19,BH19,h0.080,L1,0.08,504,0.002244454367428417,0.0034506416103587214,0.009001400001579896,0.00795760000255541,0.004619800001819385,0.14507772020725387
H19,BH19,h0.056,L2,0.056,945,0.0012676849547110804,0.0020214282838970686,0.016890800001419848,0.014845699999568751,0.00942399999985355,0.27202072538860106
H19,BH19,h0.040,L3,0.04,1753,0.0007789561982382771,0.00116353763844478,0.034481399998185225,0.027382799999031704,0.020953200000803918,0.5046056419113414
H19,BH19,h0.028,L4,0.028,3474,0.00023344839108673996,0.0003746857076895694,0.06850339999800781,0.05501019999792334,0.04461859999719309,1.0
H20,BH20,h0.080,L1,0.08,513,0.0016279228910020184,0.0031974236189948966,0.010135600001376588,0.007878300002630567,0.004783000000315951,0.12313970235237638
H20,BH20,h0.056,L2,0.056,942,0.000982324599814628,0.002014693042428012,0.016663500002323417,0.015422499996930128,0.00925439999991795,0.22611617858857416
H20,BH20,h0.040,L3,0.04,2015,0.0005525975434014235,0.0009992412462497759,0.039920200000779005,0.03267549999873154,0.02505350000137696,0.48367738838214114
H20,BH20,h0.028,L4,0.028,4166,0.00033929711548011285,0.0005619857789842433,0.08394860000043991,0.06672419999813428,0.06924369999978808,1.0
H21,BH21,h0.080,L1,0.08,574,0.001011184072443867,0.004352060276899812,0.008798899998510024,0.00896419999844511,0.0058547000007820316,0.14289270599950213
H21,BH21,h0.056,L2,0.056,1036,0.000643677922462955,0.0027895087654558814,0.020423400001163827,0.01674559999810299,0.01249169999937294,0.2579039083893453
H21,BH21,h0.040,L3,0.04,1889,0.0003563845595121224,0.0016129514242349803,0.04378259999793954,0.031057299998792587,0.029947700000775512,0.47025143141647996
H21,BH21,h0.028,L4,0.028,4017,0.00015343674039205234,0.000652563895366497,0.0782589000009466,0.0649331999993592,0.07570330000089598,1.0
H22,BH22,h0.080,L1,0.08,561,0.0008977628847974095,0.004918436459723746,0.0086738999998488,0.00889390000156709,0.005732600002374966,0.12689436779009275
H22,BH22,h0.056,L2,0.056,1071,0.0005004461626419224,0.0031518132270117426,0.01917709999906947,0.01706500000000233,0.011858199999551289,0.24225288396290431
H22,BH22,h0.040,L3,0.04,2003,0.0003365642596464038,0.0018240192286012695,0.04116240000075777,0.032463600000482984,0.025108400001045084,0.45306491743949334
H22,BH22,h0.028,L4,0.028,4421,0.0001338563584949989,0.0007394116401345833,0.08954610000000685,0.07125420000011218,0.07668349999948987,1.0
H23,BH23,h0.080,L1,0.08,700,0.0014291540701691127,0.00797987967439956,0.10378510000009555,0.010584699997707503,0.00879979999808711,0.17430278884462153
H23,BH23,h0.056,L2,0.056,1112,0.0011069718139731565,0.006409673724060443,0.020494199998211116,0.018253499998536427,0.01314510000156588,0.27689243027888444
H23,BH23,h0.040,L3,0.04,2165,0.0006149417698491538,0.003448026186178227,0.04373009999835631,0.034285400000953814,0.03227310000147554,0.539093625498008
H23,BH23,h0.028,L4,0.028,4016,0.00024173385443882405,0.0013411130537018168,0.07993680000072345,0.06494930000189925,0.062426499996945495,1.0
H24,BH24,h0.080,L1,0.08,822,0.0006433093688776196,0.0030728966099631645,0.10985750000327243,0.012855199998739408,0.008125099997414509,0.20176730486008837
H24,BH24,h0.056,L2,0.056,1203,0.0005523673809579943,0.0030675888425279784,0.020350999999209307,0.01886170000216225,0.015254300000378862,0.29528718703976436
H24,BH24,h0.040,L3,0.04,2147,0.0003175760233077646,0.0019286997537443231,0.0437391999985266,0.03411710000000312,0.0274686999982805,0.5270004909180167
H24,BH24,h0.028,L4,0.028,4074,0.00016295665388272844,0.0008566180734137302,0.07947779999813065,0.06370519999836688,0.07175339999957941,1.0
H25,BH25,h0.080,L1,0.08,844,0.0015376765631708732,0.006813592814039768,0.21364659999744617,0.013323099999979604,0.008475500002532499,0.20896261450854173
H25,BH25,h0.056,L2,0.056,1227,0.0014588065133559977,0.006813225957911625,0.020475499997701263,0.02124329999787733,0.014972500001022127,0.30378806635305766
H25,BH25,h0.040,L3,0.04,2304,0.0009967898709294025,0.005459871346934242,0.045666300000448246,0.03773419999924954,0.0397406999982195,0.5704382272839812
H25,BH25,h0.028,L4,0.028,4039,0.0004592015757996965,0.0025075246385427284,0.07951930000126595,0.06430030000046827,0.0764017999972566,1.0
E01,BE01,h0.080,L1,0.08,590,0.003888153886316904,0.010081705166483011,0.009637600000132807,0.009257199999410659,0.005755899997893721,0.13529007108461363
E01,BE01,h0.056,L2,0.056,1180,0.0018170608900234535,0.0051487116469012785,0.020077299999684328,0.01846280000245315,0.013259999999718275,0.27058014216922727
E01,BE01,h0.040,L3,0.04,2048,0.0011587538051615707,0.002902967770680147,0.0445612000003166,0.035501800000929506,0.025933400000212714,0.46961706030726896
E01,BE01,h0.028,L4,0.028,4361,0.0005875115780248444,0.0015250686421073112,0.08742449999772361,0.07110290000127861,0.0677834999987681,1.0
E02,BE02,h0.080,L1,0.08,723,0.003166976195791379,0.0072364387939193265,0.1187683999996807,0.011612599999352824,0.008073400000284892,0.1462970457304735
E02,BE02,h0.056,L2,0.056,1299,0.001767560412378104,0.004413717604294355,0.02212829999916721,0.020337300000392133,0.016676899998856243,0.26284904896802913
E02,BE02,h0.040,L3,0.04,2401,0.0009391053515579671,0.0022213468080718728,0.048541199997998774,0.038480700000945944,0.032121899999765446,0.48583569405099153
E02,BE02,h0.028,L4,0.028,4942,0.0003652458320879573,0.0007147808428587768,0.09786689999964437,0.08003769999777433,0.08648779999930412,1.0
E03,BE03,h0.080,L1,0.08,613,0.001853587961361095,0.005722558255060713,0.007682700001168996,0.00979630000074394,0.00619870000082301,0.13561946902654867
E03,BE03,h0.056,L2,0.056,1147,0.0018237495343330504,0.005723436533811029,0.021254199997201795,0.018234999999549473,0.01159140000163461,0.2537610619469027
E03,BE03,h0.040,L3,0.04,2175,0.0007954684168457742,0.0021853889409042615,0.0438045000009879,0.034207999997306615,0.03025350000098115,0.4811946902654867
E03,BE03,h0.028,L4,0.028,4520,0.00045706280846952906,0.0012486434710677757,0.09788850000040838,0.0817577000016172,0.06621309999900404,1.0
E04,BE04,h0.080,L1,0.08,595,0.0025100019215983896,0.00718987869520568,0.010007299999415409,0.008964699998614378,0.0053503999988606665,0.12656881514571366
E04,BE04,h0.056,L2,0.056,1332,0.0017754625377685458,0.005083738458297506,0.023869699998613214,0.02103770000030636,0.016294199998810655,0.28334396936821954
E04,BE04,h0.040,L3,0.04,2587,0.0009916108787909365,0.0031352264994937286,0.04948849999709637,0.041814399999566376,0.03805370000191033,0.5503084450116996
E04,BE04,h0.028,L4,0.028,4701,0.00022251662614416857,0.0004315594806603986,0.09410659999775817,0.07287889999861363,0.08518000000185566,1.0
E05,BE05,h0.080,L1,0.08,564,0.0015543941046741504,0.0034156646958087658,0.009604300001228694,0.00863730000128271,0.005097899997053901,0.12218370883882149
E05,BE05,h0.056,L2,0.056,1300,0.002023541070101036,0.005824690141088084,0.021307700000761542,0.020099100001971237,0.015180599999439437,0.28162911611785096
E05,BE05,h0.040,L3,0.04,2375,0.0004946786933498509,0.0013762088951595692,0.047889900000882335,0.03820899999846006,0.03059669999856851,0.5145147313691508
E05,BE05,h0.028,L4,0.028,4616,0.00019161458402029547,0.00021152349751672666,0.09390069999790285,0.07280429999809712,0.07696930000020075,1.0
E06,BE06,h0.080,L1,0.08,644,0.004524586146857647,0.014118816619040922,0.010364300000219373,0.009800799998629373,0.00643310000305064,0.12468538238141336
E06,BE06,h0.056,L2,0.056,1233,0.0022734860035744813,0.007207813833703529,0.021180899999308167,0.02171020000241697,0.015716199999587843,0.2387221684414327
E06,BE06,h0.040,L3,0.04,2399,0.0010067448219974436,0.003098600677339052,0.050447300000087125,0.038913899999897694,0.03496639999866602,0.4644724104549855
E06,BE06,h0.028,L4,0.028,5165,0.0008249530286298597,0.0024554375614057765,0.10130179999760003,0.0798703000000387,0.09352430000217282,1.0
E07,BE07,h0.080,L1,0.08,621,0.002383016375704385,0.007902628810653288,0.009254799999325769,0.010576900000160094,0.006624099998589372,0.12689006947282386
E07,BE07,h0.056,L2,0.056,1155,0.0012489665285183365,0.003944902547083594,0.01960049999979674,0.0180346000015561,0.01131099999838625,0.2360032693093584
E07,BE07,h0.040,L3,0.04,2527,0.0006132518154329382,0.001967841754726627,0.050437699999747565,0.040667699999175966,0.03413129999898956,0.5163465467919902
E07,BE07,h0.028,L4,0.028,4894,0.0003392982607503077,0.0009498907169018523,0.10497709999981453,0.09073290000014822,0.11695580000014161,1.0
E08,BE08,h0.080,L1,0.08,616,0.0027009934577469203,0.008437317575944585,0.008360100000572857,0.009594300001481315,0.007995400002982933,0.11866692352147948
E08,BE08,h0.056,L2,0.056,1163,0.0015534531033695835,0.004201982034748508,0.01963669999895501,0.018210599999292754,0.011964900000748457,0.22404161047967636
E08,BE08,h0.040,L3,0.04,2464,0.0006614990660960622,0.0021098279429517496,0.04840949999925215,0.03949129999818979,0.03542860000015935,0.4746676940859179
E08,BE08,h0.028,L4,0.028,5191,0.00031593006005534987,0.0009665684610585373,0.09996409999803291,0.08321340000111377,0.09502509999947506,1.0
E09,BE09,h0.080,L1,0.08,599,0.0016447938275700633,0.004987680735445072,0.010407999998278683,0.008910000000469154,0.006004500002745772,0.1479377624104717
E09,BE09,h0.056,L2,0.056,1241,0.0017163672231212622,0.006115018935167135,0.022286499999609077,0.019548899999790592,0.014823500001512002,0.30649543097061005
E09,BE09,h0.040,L3,0.04,2272,0.00068867111957064,0.0021010890198228027,0.046063499998126645,0.03829139999652398,0.03278550000322866,0.5611262040009879
E09,BE09,h0.028,L4,0.028,4049,0.0005337422799972288,0.0017140607705023033,0.07999539999946137,0.06792409999980009,0.06101600000329199,1.0
E10,BE10,h0.080,L1,0.08,578,0.002948454460957329,0.007773388161897655,0.007813100000930717,0.008596799998485949,0.0056471999996574596,0.11698036834648856
E10,BE10,h0.056,L2,0.056,1223,0.0015844697065892004,0.004519635758408433,0.020046600002388004,0.0185090000013588,0.013690499999938766,0.24752074478850436
E10,BE10,h0.040,L3,0.04,2358,0.0011577682440089994,0.003487502541798128,0.04802199999903678,0.03891650000150548,0.03423299999849405,0.4772313296903461
E10,BE10,h0.028,L4,0.028,4941,0.0004781125640527333,0.0013588464063660325,0.09661940000296454,0.0782878999998502,0.07762079999884008,1.0
E11,BE11,h0.080,L1,0.08,579,0.0021115227447656222,0.007530232102225111,0.008354099998541642,0.009155899999313988,0.005797800000436837,0.12135820582687068
E11,BE11,h0.056,L2,0.056,1101,0.0015743333866796382,0.005838848470783754,0.01933859999917331,0.018002400000113994,0.012123200001951773,0.23076923076923078
E11,BE11,h0.040,L3,0.04,2072,0.00099200609979427,0.003514985664266379,0.040372999999817694,0.032884699998248834,0.026412500003061723,0.4342905051351918
E11,BE11,h0.028,L4,0.028,4771,0.0003737977605117711,0.0010392347612745395,0.09220730000015465,0.0750716000002285,0.10331670000232407,1.0
E12,BE12,h0.080,L1,0.08,641,0.002526480980632117,0.005991934410292816,0.010503999998036306,0.00991259999864269,0.00666550000096322,0.13304275633042756
E12,BE12,h0.056,L2,0.056,1277,0.001435212869349368,0.0037163797703931656,0.02332659999956377,0.01970439999786322,0.016200099998968653,0.2650477376504774
E12,BE12,h0.040,L3,0.04,2470,0.0008014304654924137,0.0015752599206540854,0.05170019999786746,0.03988670000035199,0.03329769999982091,0.5126608551266085
E12,BE12,h0.028,L4,0.028,4818,0.00035070218763629186,0.0008491291531500721,0.0937341999997443,0.07830269999976736,0.08165720000033616,1.0
E13,BE13,h0.080,L1,0.08,603,0.002459044424128406,0.008350420837259287,0.008741100002225721,0.009293999999499647,0.005822300001455005,0.12684055532183425
E13,BE13,h0.056,L2,0.056,1304,0.0016299708174630817,0.007338878905077124,0.023891200002253754,0.021241599999484606,0.014745100001164246,0.274295330248212
E13,BE13,h0.040,L3,0.04,2314,0.0008592182684613002,0.0026543478870947085,0.04578839999885531,0.03645509999842034,0.032008800000767224,0.4867480016827934
E13,BE13,h0.028,L4,0.028,4754,0.00048666955483899415,0.0014331191083674073,0.09505349999744794,0.07516219999888563,0.0648695999989286,1.0
E14,BE14,h0.080,L1,0.08,582,0.003285736259899918,0.011117521555110478,0.008221800002502277,0.009163700000499375,0.005676599997968879,0.1257562662057044
E14,BE14,h0.056,L2,0.056,1184,0.0011341007200227839,0.0028417703540192856,0.02429130000018631,0.02126739999948768,0.014886799999658251,0.25583405358686256
E14,BE14,h0.040,L3,0.04,2241,0.0003883411163016252,6.6431817781301e-05,0.04603829999905429,0.03540930000235676,0.026230399998894427,0.4842264477095938
E14,BE14,h0.028,L4,0.028,4628,0.0003969354005759605,0.001252501143642615,0.09210060000259546,0.07348740000088583,0.06382039999880362,1.0
E15,BE15,h0.080,L1,0.08,662,0.0025672025778695077,0.010153980711383827,0.010602400001516799,0.010234099998342572,0.006208200000401121,0.13433441558441558
E15,BE15,h0.056,L2,0.056,1294,0.0013213052312992877,0.006534272714057365,0.023305200000322657,0.01986350000152015,0.01404980000006617,0.26258116883116883
E15,BE15,h0.040,L3,0.04,2438,0.0005095322400407601,0.0008030293605957038,0.048303600000508595,0.038787699999375036,0.035870199997589225,0.494724025974026
E15,BE15,h0.028,L4,0.028,4928,0.0005502094604501572,0.0026546954048269123,0.09870339999906719,0.07836260000112816,0.08386660000178381,1.0
E16,BE16,h0.080,L1,0.08,526,0.0032078371612615183,0.023031103125074816,0.007707499997195555,0.008382500000152504,0.004917800000839634,0.15384615384615385
E16,BE16,h0.056,L2,0.056,976,0.001573176916161861,0.01199507760370039,0.016460599999845726,0.01615690000107861,0.009481699999014381,0.285463585843814
E16,BE16,h0.040,L3,0.04,1821,0.0008620046640077664,0.005420050268163527,0.03546039999855566,0.02857919999951264,0.020419799999217503,0.532611874817198
E16,BE16,h0.028,L4,0.028,3419,0.00041850144947982825,0.002105164853515452,0.06611089999933029,0.054550699998799246,0.059742699999333126,1.0
E17,BE17,h0.080,L1,0.08,577,0.003402228228844325,0.024664564812507343,0.007907100000011269,0.008893099999113474,0.005511500003194669,0.1660431654676259
E17,BE17,h0.056,L2,0.056,996,0.002122226753749035,0.01360628109923379,0.017433299999538576,0.015829299998586066,0.010992999999871245,0.2866187050359712
E17,BE17,h0.040,L3,0.04,1766,0.0015335271611488339,0.006879796112281313,0.04057520000060322,0.02880150000055437,0.021479300001374213,0.5082014388489209
E17,BE17,h0.028,L4,0.028,3475,0.0004971191126266395,0.0024983005632239017,0.07260189999942668,0.05684090000067954,0.04439439999987371,1.0
E18,BE18,h0.080,L1,0.08,582,0.003385463950320389,0.026403932916470606,0.00793350000094506,0.008931599997595185,0.007759799998893868,0.17326585293242036
E18,BE18,h0.056,L2,0.056,906,0.0020678282808266907,0.015227753273261596,0.015415699999721255,0.014119799998297822,0.009762300000147661,0.26972313188448943
E18,BE18,h0.040,L3,0.04,1651,0.0009530992260825145,0.00733430108504828,0.03320779999921797,0.02551359999779379,0.025157200001558522,0.49151533194403096
E18,BE18,h0.028,L4,0.028,3359,0.0007402778770714267,0.004076316111151588,0.06527490000007674,0.05979650000153924,0.05240030000277329,1.0
E19,BE19,h0.080,L1,0.08,597,0.004009566208582067,0.02939415602987225,0.008814500000880798,0.00993209999796818,0.005813499999931082,0.16974694341768554
E19,BE19,h0.056,L2,0.056,987,0.0020218177620119192,0.01758596317452464,0.01702159999695141,0.015919000001304084,0.01571979999789619,0.2806369064543645
E19,BE19,h0.040,L3,0.04,1732,0.0011619048916018764,0.008431840438751627,0.034110799999325536,0.031011899998702575,0.022661899998638546,0.49246516917827693
E19,BE19,h0.028,L4,0.028,3517,0.0008713017976473671,0.002772226134165586,0.0706648999985191,0.05915860000095563,0.0574239999987185,1.0
E20,BE20,h0.080,L1,0.08,554,0.0029675999559885973,0.02808457427047867,0.008520499999576714,0.00845389999813051,0.004877499999565771,0.19645390070921986
E20,BE20,h0.056,L2,0.056,934,0.001959384345387164,0.017437143606519906,0.017162700001790654,0.015367200001492165,0.00940459999765153,0.3312056737588652
E20,BE20,h0.040,L3,0.04,1745,0.000866565205012971,0.008871690485755384,0.03498810000019148,0.02730879999944591,0.021664600000804057,0.6187943262411347
E20,BE20,h0.028,L4,0.028,2820,0.0005690817304747793,0.00377137861560527,0.056793700001435354,0.047737400000187336,0.043024599999625934,1.0
E21,BE21,h0.080,L1,0.08,565,0.0007780567530735401,0.0028645866000692483,0.008048100000451086,0.009297699998569442,0.006451199998991797,0.12797281993204984
E21,BE21,h0.056,L2,0.056,1068,0.00045932581517798665,0.0018430348986067488,0.019809999997960404,0.016792300000815885,0.014272299998992821,0.2419026047565119
E21,BE21,h0.040,L3,0.04,2185,0.00021863687253045156,0.0008989581954213058,0.04439669999919715,0.0367422000017541,0.029765600000246195,0.49490373725934317
E21,BE21,h0.028,L4,0.028,4415,0.00010333036726330397,0.0003878173042476916,0.08772569999928237,0.07037449999916134,0.08846389999962412,1.0
E22,BE22,h0.080,L1,0.08,650,0.0014894062937829712,0.006656779122286807,0.010186600000452017,0.011840600000141421,0.007672899999306537,0.14573991031390135
E22,BE22,h0.056,L2,0.056,1153,0.0009559077717645355,0.005330668511784747,0.020473000000492902,0.018555700000433717,0.01584749999892665,0.2585201793721973
E22,BE22,h0.040,L3,0.04,2227,0.0004934619617563712,0.0028558020279334582,0.04886090000218246,0.03714599999875645,0.03560040000229492,0.4993273542600897
E22,BE22,h0.028,L4,0.028,4460,0.00023581845271107246,0.0012777314066013492,0.08892609999747947,0.07059419999859529,0.08941029999914463,1.0
E23,BE23,h0.080,L1,0.08,632,0.0014305822756723453,0.005853083201477843,0.009996100001444574,0.010366200000134995,0.006744099999195896,0.14406200136767722
E23,BE23,h0.056,L2,0.056,1201,0.0010667107024310268,0.0059469132404900114,0.027835199998662574,0.01989070000126958,0.015340199999627657,0.27376339183952586
E23,BE23,h0.040,L3,0.04,2157,0.0005704673464934508,0.0030812053990553626,0.0426673000001756,0.036288399998738896,0.03786469999977271,0.49167996352860727
E23,BE23,h0.028,L4,0.028,4387,0.00022833519821896365,0.0011800204968966843,0.08888069999738946,0.06925830000182032,0.08533729999908246,1.0
E24,BE24,h0.080,L1,0.08,922,0.0005485118581318268,0.0027302041262176916,0.11701460000040242,0.015906900000118185,0.017082400001527276,0.21843165126747216
E24,BE24,h0.056,L2,0.056,1215,0.00052898830685488,0.0027294672300958436,0.021747399998275796,0.018626899996888824,0.014440700000704965,0.2878464818763326
E24,BE24,h0.040,L3,0.04,2220,0.00037645824772479487,0.002173720013304793,0.04479699999865261,0.036158000002615154,0.03323450000243611,0.5259417199715707
E24,BE24,h0.028,L4,0.028,4221,0.00017332560965088086,0.0009241668814667873,0.0898099000005459,0.06884899999931804,0.07991110000148183,1.0
E25,BE25,h0.080,L1,0.08,927,0.0012066625531537206,0.004936508382603244,0.23700259999895934,0.0205725000014354,0.010272400002577342,0.22092469018112487
E25,BE25,h0.056,L2,0.056,1218,0.0009700455291261285,0.00493241898286833,0.02308430000266526,0.019025000001420267,0.015859099999943282,0.29027645376549094
E25,BE25,h0.040,L3,0.04,2271,0.000930150478184299,0.004932395430073382,0.04975860000195098,0.03882320000047912,0.03501020000112476,0.5412297426120114
E25,BE25,h0.028,L4,0.028,4196,0.00040582431287775706,0.002104641505476574,0.08842569999978878,0.06589049999820418,0.09012920000168378,1.0
